GeneName,Entrez
 FAM111B ,374393
 CCNE2 ,9134
 HIST1H2BM ,8342
 HIST1H2AB ,8335
 HIST1H3A ,8350
 LOC100507639 ,100507639
 E2F8 ,79733
 KLF2 ,10365
 KIAA0101 ,9768
 KIF20A ,10112
 ORC1 ,4998
 EXO1 ,9156
 NRGN ,4900
 HIST1H1B ,3009
 RP11-110I1.12 , ---
 GINS2 ,51659
 HELLS ,3070
 SKP2 ,6502
 SPC24 ,147841
 DTL ,51514
 HIST2H2BE ,8349
 HIST1H4H ,8365
 SCARA3 ,51435
 EGR1 ,1958
 DSCC1 ,79075
 TP73 ,7161
 HIST1H3G ,8355
 SESN3 ,143686
 SLC46A3 ,283537
 E2F7 ,144455
 OIP5 ,11339
 CLSPN ,63967
 HIST1H4L ,8368
 ATAD5 ,79915
 HIST1H2AK ,8330
 HIST1H4D ,8360
 ASF1B ,55723
 TCF19 ,6941
 TCF19 ,6941
 TCF19 ,6941
 TCF19 ,6941
 TCF19 ,6941
 TCF19 ,6941
 TMEM14A ,28978
 HIST1H2BG ,8339
 GALNT12 ,79695
 UHRF1 ,29128
 MMS22L ,253714
 LOC100507639 ,100507639
 SPC25 ,57405
 RP13-463N16.6 , ---
 COL4A2-AS1 ,100874203
 HIST2H4B ,554313
 HIST2H4B ,554313
 CENPI ,2491
 HIST1H2BL ,8340
 BCL2L15 ,440603
 NCAPG ,64151
 ZNF451 ,26036
 HIST1H2BD ,3017
 UBR7 ,55148
 CENPE ,1062
 FAM63A ,55793
 MCM5 ,4174
 CASC5 ,57082
 WDR76 ,79968
 SKA3 ,221150
 HIST2H2AB ,317772
 HMMR ,3161
 SHCBP1 ,79801
 APAF1 ,317
 PCNA-AS1 ,100302739
 DNA2 ,1763
 UNG ,7374
 NEIL3 ,55247
 ATAD2 ,29028
 SPAG5 ,10615
 GMNN ,51053
 BRIP1 ,83990
 HIST2H2BA ,337875
 RRM2 ,6241
 ASPM ,259266
 MCM10 ,55388
 SKA2 ,348235
 FAM111A ,63901
 KANK2 ,25959
 TMPO-AS1 ,100128191
 ZNF367 ,195828
 RAD51AP1 ,10635
 SLC16A10 ,117247
 FEN1 ,2237
 HIST2H2AC ,8338
 TK1 ,7083
 PCNA ,5111
 GINS4 ,84296
 H2AFX ,3014
 LRP2 ,4036
 NUSAP1 ,51203
 MCM6 ,4175
 KIF11 ,3832
 CDC7 ,8317
 CXCL14 ,9547
 BLM ,641
 TMEM194A ,23306
 CTR9 ,9646
 SPIN4 ,139886
 ZC3HAV1 ,56829
 DIDO1 ,11083
 GPR155 ,151556
 NCAPH ,23397
 MYH7B ,57644
 E2F2 ,1870
 CDK1 ,983
 NCOA5 ,57727
 SLC35A5 ,55032
 NEK2 ,4751
 MAGI3 ,260425
 RBL1 ,5933
 KIF20B ,9585
 MCM4 ,4173
 CKAP2L ,150468
 TOP2A ,7153
 ADAM22 ,53616
 HIST1H4I ,8294
 MCM3 ,4172
 DDB2 ,1643
 DLGAP5 ,9787
 LMNB1 ,4001
 DPY19L1 ,23333
 CHRNA5 ,1138
 TYMS ,7298
 HIST1H3F ,8968
 ZNF704 ,619279
 CYP2U1 ,113612
 HIST3H2BB ,128312
 MYBL1 ,4603
 PDK3 ,5165
 LRRN4 ,164312
 ZSWIM5 ,57643
 KDELC2 ,143888
 TICRR ,90381
 LINC00857 ,439990
 KIF18A ,81930
 SP5 ,389058
 ZWINT ,11130
 TMEM139 ,135932
 PHTF1 ,10745
 DGCR8 ,54487
 HIST2H2BC ,337873
 SGOL1 ,151648
 EOGT ,285203
 ASB4 ,51666
 CROT ,54677
 KIFC1 ,3833
 GINS1 ,9837
 SP4 ,6671
 FBXO3 ,26273
 PKI55 ,150967
 MEPCE ,56257
 NCAPD2 ,9918
 DTWD2 ,285605
 OAS3 ,4940
 HIST1H2AI ,8329
 FOXRED2 ,80020
 ZNF618 ,114991
 CDCA8 ,55143
 CENPN ,55839
 HSPA1B ,3304
 CHAF1B ,8208
 SNORA4 ,619568
 RRM1 ,6240
 HSPA1A ,3303
 SMC2 ,10592
 FZD3 ,7976
 PPP1R10 ,5514
 PPP1R10 ,5514
 PPP1R10 ,5514
 PPP1R10 ,5514
 ESCO2 ,157570
 POLH ,5429
 TMX4 ,56255
 PPP1R10 ,5514
 PPP1R10 ,5514
 PPP1R10 ,5514
 POLQ ,10721
 AC017002.2 , ---
 SASS6 ,163786
 ARHGAP11A ,9824
 LINC00152 ,112597
 NUF2 ,83540
 CENPL ,91687
 GTSE1 ,51512
 GINS3 ,64785
 SGCB ,6443
 KIAA1524 ,57650
 CENPP ,401541
 SMIM10 ,644538
 ALG6 ,29929
 ABHD6 ,57406
 SLC27A2 ,11001
 KIFC1 ,3833
 KIFC1 ,3833
 CEP78 ,84131
 HSPA1B ,3304
 HSPA1A ,3303
 LINC00511 ,400619
 SLC7A8 ,23428
 MCM2 ,4171
 ANLN ,54443
 ZC3H4 ,23211
 MANEA ,79694
 TM7SF3 ,51768
 HSPA1A ,3303
 HSPA1A ,3303
 HSPA1A ,3303
 C1orf112 ,55732
 DOLPP1 ,57171
 SRD5A3 ,79644
 BIRC5 ,332
 MYBL2 ,4605
 RFC3 ,5983
 ABCD1 ,215
 XRCC6BP1 ,91419
 TAF9B ,51616
 HSPA4L ,22824
 POLA2 ,23649
 UBL7-AS1 ,440288
 HSPA1A ,3303
 SEPT3 ,55964
 KIF24 ,347240
 CASP2 ,835
 HIST1H2AI ,8329
 HSPA1B ,3304
 FAM173B ,134145
 RFC5 ,5985
 FANCL ,55120
 KIF4A ,24137
 LRRC26 ,389816
 RNFT2 ,84900
 CBR3 ,874
 PPIA ,5478
 HIST1H2BN ,8341
 CAMK2N2 ,94032
 HIST1H3E ,8353
 CEP19 ,84984
 RMI2 ,116028
 PHIP ,55023
 FAM83D ,81610
 ALDH3A2 ,224
 PIGN ,23556
 HIST2H3A ,333932
 HIST2H3A ,333932
 CCNA2 ,890
 CERK ,64781
 RP4-791M13.3 , ---
 APLN ,8862
 CENPW ,387103
 MKI67 ,4288
 LINC01124 ,440925
 FANCB ,2187
 LOC100130256 ,100130256
 KIAA0101 ,9768
 ERI2 ,112479
 BRCA2 ,675
 HIST1H2AE ,3012
 HSPA1B ,3304
 CENPK ,64105
 TTK ,7272
 WDHD1 ,11169
 HIST1H1C ,3006
 ENC1 ,8507
 CDCA3 ,83461
 TMEM139 ,135932
 PRIM1 ,5557
 SNX29 ,92017
 FAM98B ,283742
 GATSL2 ,729438
 CASC10 ,399726
 CENPO ,79172
 RRM2B ,50484
 TNFRSF10D ,8793
 CENPH ,64946
 KIF15 ,56992
 TMEM80 ,283232
 B3GALTL ,145173
 HIST2H3PS2 , --- 
 KIF18B ,146909
 DEPDC1 ,55635
 EFR3B ,22979
 TMPO ,7112
 E2F1 ,1869
 DHX9 ,1660
 KNTC1 ,9735
 BUB1 ,699
 FZD7 ,8324
 NPTX2 ,4885
 DCDC2 ,51473
 KATNAL1 ,84056
 TUSC8 ,400128
 GABPA ,2551
 SNORD50A ,26799
 POLA1 ,5422
 ARID5B ,84159
 DBP ,1628
 PKNOX1 ,5316
 NRM ,11270
 NRM ,11270
 NRM ,11270
 NRM ,11270
 NRM ,11270
 NRM ,11270
 NRM ,11270
 AGL ,178
 UBE2T ,29089
 MAPRE2 ,10982
 PBK ,55872
 KDELC1 ,79070
 KIAA1715 ,80856
 COQ7 ,10229
 GAS6-AS2 ,100506394
 ZNF518A ,9849
 PSMC3IP ,29893
 CFL2 ,1073
 LOC284023 ,284023
 ARHGEF39 ,84904
 LINC00152 ,112597
 HSD17B11 ,51170
 NDC80 ,10403
 MLKL ,197259
 LIG1 ,3978
 DONSON ,29980
 SRSF2 ,6427
 MAD2L1 ,4085
 RNF26 ,79102
 MSH2 ,4436
 MPHOSPH9 ,10198
 FAM20B ,9917
 LINC00152 ,112597
 CRABP2 ,1382
 CKAP2 ,26586
 ACBD7 ,414149
 CENPU ,79682
 OR7E14P ,10819
 ATP1B1 ,481
 NDUFB3 ,4709
 HMGB2 ,3148
 CCNB2 ,9133
 ZNF326 ,284695
 ICMT ,23463
 RNA5SP67 , ---
 ATP6V1A ,523
 MELK ,9833
 NCAPD3 ,23310
 SUV39H1 ,6839
 C8orf44-SGK3 ,100533105
 PTMA ,5757
 PTMA ,5757
 PTMA ,5757
 MGME1 ,92667
 CDC25C ,995
 TPX2 ,22974
 ATF5 ,22809
 H2AFV ,94239
 PIAS1 ,8554
 IL17RB ,55540
 CHAF1A ,10036
 TUBB4A ,10382
 HEXIM1 ,10614
 GDF11 ,10220
 C1orf233 ,643988
 TIPIN ,54962
 EIF4EBP2 ,1979
 STIL ,6491
 CDCA2 ,157313
 MED11 ,400569
 CDT1 ,81620
 RAD54L ,8438
 OSTF1 ,26578
 GEN1 ,348654
 EED ,8726
 MASTL ,84930
 GPATCH11 ,253635
 DCBLD1 ,285761
 GPD2 ,2820
 RAD51C ,5889
 GAS2L3 ,283431
 FAM217B ,63939
 GAL3ST2 ,64090
 DNAJB1 ,3337
 PMVK ,10654
 CHST14 ,113189
 ESPL1 ,9700
 PHTF2 ,57157
 AMOT ,154796
 PDCL3P4 ,285359
 HGSNAT ,138050
 LANCL1 ,10314
 NFS1 ,9054
 ARHGAP11B ,89839
 ISM2 ,145501
 SH3PXD2A-AS1 ,100505839
 TCTN2 ,79867
 FGF20 ,26281
 SMC1A ,8243
 INTS3 ,65123
 LMO7 ,4008
 MGC70870 ,403340
 PLK1 ,5347
 LBR ,3930
 ZWILCH ,55055
 TAF5 ,6877
 CDKN3 ,1033
 MCM8 ,84515
 NKD1 ,85407
 SFPQ ,6421
 PRIM2 ,5558
 SH3BP4 ,23677
 LOC102723825 ,102723825
 HTRA1 ,5654
 NMU ,10874
 FRYL ,285527
 SYNJ1 ,8867
 FUBP1 ,8880
 PLK4 ,10733
 ATG4A ,115201
 CDCA7 ,83879
 HAUS8 ,93323
 ATF7IP ,55729
 KIAA1161 ,57462
 ZNF551 ,90233
 CCDC88A ,55704
 VPS13B ,157680
 HERC6 ,55008
 ALG10 ,84920
 GALM ,130589
 NAGA ,4668
 ABHD3 ,171586
 JUN ,3725
 C2CD5 ,9847
 ATP6V0A1 ,535
 MIR4525 ,100616196
 ARL6IP1 ,23204
 T ,6862
 DCLRE1B ,64858
 ANKRD50 ,57182
 LOC101929530 ,101929530
 SIRPA ,140885
 CENPF ,1063
 HMGB3 ,3149
 HIST1H2BO ,8348
 KPNA2 ,3838
 HSPA2 ,3306
 PITHD1 ,57095
 AURKA ,6790
 SEMA4F ,10505
 LINC00152 ,112597
 DDIAS ,220042
 PM20D2 ,135293
 DHX29 ,54505
 FASTKD1 ,79675
 ANP32E ,81611
 MSH6 ,2956
 MCM7 ,4176
 NUP85 ,79902
 RRP36 ,88745
 RNU6ATAC24P , --- 
 DCK ,1633
 BARD1 ,580
 CCDC18 ,343099
 SKA1 ,220134
 HIST1H2AC ,8334
 HIST1H2BK ,85236
 ANAPC15 ,25906
 CTA-398F10.2 , ---
 MYLIP ,29116
 IFI30 ,10437
 CEP97 ,79598
 ARID1A ,8289
 PBRM1 ,55193
 PHLPP1 ,23239
 ATP11C ,286410
 ZNF878 ,729747
 STAMBPL1 ,57559
 FAM13B ,51306
 DTYMK ,1841
 TACC3 ,10460
 USP13 ,8975
 BRI3BP ,140707
 TBC1D31 ,93594
 DARS2 ,55157
 FBXO9 ,26268
 KIAA2018 ,205717
 DIAPH3 ,81624
 KCTD3 ,51133
 CCDC109B ,55013
 HELZ ,9931
 TMEM87A ,25963
 MID1 ,4281
 SHMT1 ,6470
 CCNF ,899
 KIF4B ,285643
 PPWD1 ,23398
 ADM ,133
 DDX46 ,9879
 METTL7B ,196410
 CENPA ,1058
 NCAPG2 ,54892
 CDK2 ,1017
 RSBN1L ,222194
 ALDH9A1 ,223
 SLC44A1 ,23446
 TMEM97 ,27346
 RP11-253E3.3 , ---
 TFDP1 ,7027
 CDC6 ,990
 PRDX3 ,10935
 ZMYND8 ,23613
 AP1G1 ,164
 CDC20 ,991
 CDC45 ,8318
 CDC25A ,993
 LSM3 ,27258
 RAB15 ,376267
 ALDH5A1 ,7915
 MIR891A ,100126341
 OXR1 ,55074
 FANCG ,2189
 SSH2 ,85464
 WSB2 ,55884
 INTS7 ,25896
 SAFB2 ,9667
 BBS4 ,585
 FAM115A ,9747
 GNAL ,2774
 MYH10 ,4628
 RPA3 ,6119
 NDC1 ,55706
 SEMA6B ,10501
 CHRNB1 ,1140
 U2AF2 ,11338
 WNT6 ,7475
 PRTFDC1 ,56952
 TOPBP1 ,11073
 MBOAT1 ,154141
 CEP152 ,22995
 SDF2 ,6388
 TMEM109 ,79073
 FCHSD2 ,9873
 SPAST ,6683
 FAM120C ,54954
 DPY19L4 ,286148
 SAMHD1 ,25939
 PDS5B ,23047
 RFC2 ,5982
 ARL6IP6 ,151188
 RMI1 ,80010
 WDR7 ,23335
 FAM122B ,159090
 RNF157 ,114804
 LNPEP ,4012
 SRSF1 ,6426
 MIR4435-1HG ,541471
 NXF1 ,10482
 B4GALNT1 ,2583
 PARPBP ,55010
 PARM1 ,25849
 ZNF254 ,9534
 ATPAF1 ,64756
 ATRIP ,84126
 GXYLT2 ,727936
 MED31 ,51003
 CDCA7L ,55536
 PRKACA ,5566
 TRAM2 ,9697
 HJURP ,55355
 BMPR1A ,657
 UBE4B ,10277
 HEATR3 ,55027
 HNRNPM ,4670
 RFWD3 ,55159
 KLHL8 ,57563
 CCNB1 ,891
 MPC2 ,25874
 HIRIP3 ,8479
 POLR2A ,5430
 TMEM173 ,340061
 CIT ,11113
 TRNAI2 , ---
 LANCL2 ,55915
 NETO2 ,81831
 ERGIC2 ,51290
 SLC25A35 ,399512
 RAD51 ,5888
 PPIL1 ,51645
 CCNE1 ,898
 CTSC ,1075
 LINC00963 ,100506190
 HS1BP3-IT1 ,100874343
 MANEAL ,149175
 SMPD1 ,6609
 UNC13B ,10497
 KIF14 ,9928
 MKL2 ,57496
 H2AFZ ,3015
 CHEK1 ,1111
 CYP24A1 ,1591
 SPR ,6697
 MAOB ,4129
 CDK5 ,1020
 CLCN3 ,1182
 GPR64 ,10149
 LBX2-AS1 ,151534
 SARS2 ,54938
 PTPLAD1 ,51495
 MIS18BP1 ,55320
 SNORD14C ,85389
 PDE12 ,201626
 CALM1 ,801
 GOSR2 ,9570
 MGAT4B ,11282
 KRCC1 ,51315
 MIR877 ,100126314
 CADM4 ,199731
 CCDC186 ,55088
 WNT5A-AS1 , --- 
 AP5Z1 ,9907
 NAMPT ,10135
 SNAPC4 ,6621
 NTSR1 ,4923
 GULP1 ,51454
 ZNHIT6 ,54680
 USP36 ,57602
 RASL11B ,65997
 RHOF ,54509
 IRAK2 ,3656
 PGPEP1 ,54858
 SLC20A1 ,6574
 SEMA4C ,54910
 SRGAP2 ,23380
 INPP5F ,22876
 ZFP36L1 ,677
 TC2N ,123036
 EML2 ,24139
 HUWE1 ,10075
 SNHG17 ,388796
 ATOX1 ,475
 LPIN1 ,23175
 JUP ,3728
 SNORA84 ,100124534
 MIR4326 ,100422945
 VASN ,114990
 TRIM25 ,7706
 RNA5SP221 , ---
 RNA5SP221 , ---
 SYVN1 ,84447
 ITGA3 ,3675
 RNU6-622P , ---
 CLK3 ,1198
 OSBPL6 ,114880
 BAMBI ,25805
 PRDX5 ,25824
 ANKRD10 ,55608
 ZFPL1 ,7542
 PLEKHF1 ,79156
 CHST15 ,51363
 ELF3 ,1999
 RNU6ATAC5P , ---
 SLCO4A1 ,28231
 ZCCHC7 ,84186
 PI3 ,5266
 ATF4 ,468
 TAX1BP1 ,8887
 LOC102724111 ,102724111
 LRIG1 ,26018
 HSPA13 ,6782
 YIPF2 ,78992
 TAF1D ,79101
 XPOT ,11260
 SRSF1 ,6426
 NAT9 ,26151
 MYO5B ,4645
 TMEM198 ,130612
 COG5 ,10466
 SNORD91A ,692207
 RP6-206I17.1 , --- 
 DBN1 ,1627
 SLC7A1 ,6541
 DDR1 ,780
 ZFAND1 ,79752
 FLOT1 ,10211
 GRAMD1A ,57655
 HELZ2 ,85441
 LAMA5 ,3911
 HPCAL1 ,3241
 MYO10 ,4651
 LRRK1 ,79705
 LTBR ,4055
 EPRS ,2058
 EPB41L4A-AS1 ,114915
 RAB43 ,339122
 RELL2 ,285613
 ABCC3 ,8714
 ANKRD11 ,29123
 ZNF460 ,10794
 ZNF263 ,10127
 CITED2 ,10370
 NT5C ,30833
 PRPF39 ,55015
 PDP2 ,57546
 FAM27E3 ,100131997
 SLC29A2 ,3177
 TMEM150A ,129303
 C17orf51 ,339263
 SNORA38B ,100124536
 GRK6 ,2870
 SNORD83B ,116938
 C1orf116 ,79098
 KCTD13 ,253980
 LAMC1 ,3915
 PCID2 ,55795
 EFNB1 ,1947
 PKD1P1 ,339044
 ARFGAP3 ,26286
 PROSER2 ,254427
 PLXNA3 ,55558
 ARHGEF3 ,50650
 IGF2BP2 ,10644
 SLC26A6 ,65010
 ASS1 ,445
 GPX8 ,493869
 EHF ,26298
 EPB41L1 ,2036
 MAD1L1 ,8379
 FGF3 ,2248
 IARS ,3376
 SAMD4A ,23034
 ATG101 ,60673
 HOXB3 ,3213
 MIR4486 ,100616118
 RP11-397D12.4 , ---
 LOC101929374 ,101929374
 MEX3C ,51320
 RP11-290L1.3 , ---
 ZNF770 ,54989
 INSIG2 ,51141
 MID1IP1 ,58526
 DNMT3A ,1788
 CDC42EP2 ,10435
 RP11-360F5.3 , ---
 UST ,10090
 SNORA1 ,677792
 PKD1P5 , --- 
 MRPS31P5 ,100887750
 IBTK ,25998
 LOC728323 ,728323
 HES7 ,84667
 QPCTL ,54814
 SDC4 ,6385
 MT-TC , ---
 TICAM1 ,148022
 SCARNA7 ,677767
 SNTB1 ,6641
 TACSTD2 ,4070
 FOSL2 ,2355
 BMP2K ,55589
 PFDN2 ,5202
 PLD6 ,201164
 PHGDH ,26227
 PRR9 ,574414
 MRPS31P5 ,100887750
 BBC3 ,27113
 FLOT1 ,10211
 LYRM1 ,57149
 ZFAS1 ,441951
 FHL2 ,2274
 ELF4 ,2000
 GOLGA2 ,2801
 HMGCS1 ,3157
 PRICKLE3 ,4007
 MET ,4233
 PRSS23 ,11098
 ZNF598 ,90850
 SCD ,6319
 ALAS1 ,211
 SCML1 ,6322
 DDR1 ,780
 MTO1 ,25821
 ZPR1 ,8882
 BRD4 ,23476
 KIAA0754 ,643314
 SLC22A4 ,6583
 ZNF554 ,115196
 SLC43A1 ,8501
 WBP2 ,23558
 MIR614 ,693199
 UBE2H ,7328
 PER1 ,5187
 TNKS1BP1 ,85456
 ITPKC ,80271
 PERP ,64065
 PPP1R13L ,10848
 PPARA ,5465
 AKAP12 ,9590
 KCNK5 ,8645
 MAD1L1 ,8379
 ANO1-AS1 , --- 
 ZSWIM8 ,23053
 IRF6 ,3664
 NARS ,4677
 TNFSF9 ,8744
 FAM214B ,80256
 AFAP1L2 ,84632
 PVR ,5817
 PHYKPL ,85007
 MINA ,84864
 NINJ1 ,4814
 MMP14 ,4323
 PLEKHA4 ,57664
 MN1 ,4330
 SNHG15 ,285958
 TGFA ,7039
 CDCP1 ,64866
 MT-TC , ---
 CYP51A1 ,1595
 RNF41 ,10193
 LONRF3 ,79836
 MIR196B ,442920
 ITGB4 ,3691
 CAPRIN2 ,65981
 RILPL1 ,353116
 GPR56 ,9289
 WFDC2 ,10406
 DUS4L ,11062
 ECE1 ,1889
 SLC25A29 ,123096
 C6orf48 ,50854
 HIVEP2 ,3097
 PSTPIP2 ,9050
 PCDH1 ,5097
 MIR4697HG ,283174
 CACNG6 ,59285
 TBC1D24 ,57465
 MIIP ,60672
 NCOA7 ,135112
 C6orf48 ,50854
 C6orf132 ,647024
 DLGAP1-AS2 ,84777
 GARS ,2617
 LAMB3 ,3914
 TRIM47 ,91107
 SLC44A2 ,57153
 TBC1D10A ,83874
 PELI1 ,57162
 EHD2 ,30846
 UGCG ,7357
 BOD1 ,91272
 LOC102723919 ,102723919
 NFKBIE ,4794
 TBC1D8 ,11138
 LHFPL2 ,10184
 PAQR5 ,54852
 ZBTB21 ,49854
 AC019349.5 , ---
 TRIP10 ,9322
 CDC42EP1 ,11135
 PIK3AP1 ,118788
 USP6NL ,9712
 PRSS33 ,260429
 MXD1 ,4084
 PXDC1 ,221749
 TIFA ,92610
 FLNB ,2317
 KLF5 ,688
 CYTH3 ,9265
 KCNN4 ,3783
 KLF3 ,51274
 KRTAP2-3 ,730755
 DDR1 ,780
 MT-TS1 , --- 
 VASP ,7408
 PABPC1L ,80336
 MLLT4 ,4301
 TRIM25 ,7706
 SVILP1 ,645954
 LCN2 ,3934
 PRDM16 ,63976
 ME3 ,10873
 C6orf48 ,50854
 C6orf48 ,50854
 C6orf48 ,50854
 CCNB1IP1 ,57820
 PARP6 ,56965
 CCSER2 ,54462
 NTRK2 ,4915
 SHH ,6469
 FBXL16 ,146330
 TM4SF1 ,4071
 GSTM4 ,2948
 GOLGA5 ,9950
 RP11-283C24.1 , ---
 MSMO1 ,6307
 C6orf48 ,50854
 PVRL2 ,5819
 PLK3 ,1263
 STEAP2 ,261729
 RAPH1 ,65059
 SLC6A20 ,54716
 IGSF9B ,22997
 AARS ,16
 DDR1 ,780
 DDR1 ,780
 WNT5A ,7474
 SNHG8 ,100093630
 HERPUD1 ,9709
 ADRBK2 ,157
 PYCR1 ,5831
 MIR10A ,406902
 BTBD11 ,121551
 ZFAND2A ,90637
 OXTR ,5021
 SBNO2 ,22904
 TMEM158 ,25907
 MVD ,4597
 NFIL3 ,4783
 C5orf28 ,64417
 CLIC4 ,25932
 DDR1 ,780
 LOC102724814 ,102724814
 LOC100132167 ,100132167
 RHOQ ,23433
 SAT1 ,6303
 SARS ,6301
 CD70 ,970
 JMY ,133746
 SRGAP2 ,23380
 ABR ,29
 PLEC ,5339
 PKD1 ,5310
 TSPAN2 ,10100
 TNFRSF10B ,8795
 SHMT2 ,6472
 C6orf48 ,50854
 CX3CL1 ,6376
 AVPI1 ,60370
 BHLHE40 ,8553
 LIF ,3976
 ZNF581 ,51545
 SVIL ,6840
 LAD1 ,3898
 SH3KBP1 ,30011
 CCND2 ,894
 LONP1 ,9361
 LOXL2 ,4017
 TMEM43 ,79188
 TRPM4 ,54795
 ST6GALNAC2 ,10610
 SPNS2 ,124976
 KRT81 ,3887
 RAPGEF3 ,10411
 TBC1D17 ,79735
 RTEL1-TNFRSF6B ,100533107
 POFUT2 ,23275
 SLC12A7 ,10723
 RDH10 ,157506
 TPRA1 ,131601
 RP11-385D13.1 , ---
 ABTB2 ,25841
 C6orf48 ,50854
 NMNAT2 ,23057
 SNX9 ,51429
 SLC1A4 ,6509
 LINC00341 ,79686
 SHB ,6461
 ITGA5 ,3678
 TTLL11 ,158135
 C6orf48 ,50854
 CLCN6 ,1185
 MYADM ,91663
 ARRDC3 ,57561
 MRPS31P5 ,100887750
 IGFBP3 ,3486
 MIR23B ,407011
 CBX4 ,8535
 EMP1 ,2012
 MIR503 ,574506
 MTHFD2 ,10797
 ZC3H12A ,80149
 P4HA2 ,8974
 CYR61 ,3491
 MBNL2 ,10150
 BCAR3 ,8412
 GTPBP2 ,54676
 MICALCL ,84953
 SH3RF3 ,344558
 ZNF783 ,100289678
 IRF1 ,3659
 CDH13 ,1012
 EIF4EBP1 ,1978
 RP11-1029J19.5 , ---
 PMAIP1 ,5366
 TRPV4 ,59341
 CCBL1 ,883
 CEACAM1 ,634
 FAM114A1 ,92689
 PPARG ,5468
 YARS ,8565
 APOBEC3G ,60489
 AHNAK2 ,113146
 PARP8 ,79668
 NOG ,9241
 LOC100506548 ,100506548
 PAPL ,390928
 MUC1 ,4582
 C9orf91 ,203197
 PSAT1 ,29968
 KIAA0226L ,80183
 ZYX ,7791
 LOC645553 ,645553
 DCUN1D3 ,123879
 PPARD ,5467
 GNE ,10020
 WWC1 ,23286
 TMEM231 ,79583
 FOSL1 ,8061
 PSAT1 ,29968
 TNFRSF21 ,27242
 MTHFD1L ,25902
 SPRY2 ,10253
 NDRG1 ,10397
 GJB2 ,2706
 PTK6 ,5753
 LINC00511 ,400619
 CPEB4 ,80315
 SLC16A6 ,9120
 ARHGAP32 ,9743
 UHRF1BP1 ,54887
 SEC24D ,9871
 MYOF ,26509
 SLIT1 ,6585
 IL23A ,51561
 THBS1 ,7057
 CD24 ,100133941
 PCK2 ,5106
 KLF4 ,9314
 RPS6KA5 ,9252
 GTF2IRD1 ,9569
 RND3 ,390
 LIPG ,9388
 PPP1R18 ,170954
 PPP1R15A ,23645
 NAGS ,162417
 UNC5B ,219699
 GFPT1 ,2673
 TGFB1I1 ,7041
 IRF2BP2 ,359948
 KRT17 ,3872
 RP11-431J24.2 , --- 
 FMNL3 ,91010
 PPP1R18 ,170954
 DNTTIP1 ,116092
 KIF1A ,547
 PDLIM4 ,8572
 LOC374443 ,374443
 CDH1 ,999
 PPP1R18 ,170954
 PPP1R18 ,170954
 PPP1R18 ,170954
 PIWIL4 ,143689
 DUSP4 ,1846
 CA5B ,11238
 PPP1R18 ,170954
 ABLIM2 ,84448
 MYC ,4609
 CRMP1 ,1400
 DUSP8 ,1850
 RNA5SP60 , ---
 CEBPB ,1051
 PDE2A ,5138
 DDIT3 ,1649
 KLF9 ,687
 CTA-384D8.31 , ---
 KCNJ10 ,3766
 COX6B2 ,125965
 KRT80 ,144501
 SYNE3 ,161176
 SERPINB5 ,5268
 THSD4 ,79875
 PPP1R18 ,170954
 PPP1R18 ,170954
 PLAU ,5328
 LONRF1 ,91694
 MARS ,4141
 MYEOV ,26579
 PORCN ,64840
 GJB3 ,2707
 PDGFB ,5155
 KRT13 ,3860
 KIF21B ,23046
 RGS16 ,6004
 LGR6 ,59352
 MIR21 ,406991
 TNIP1 ,10318
 PLAUR ,5329
 CARS ,833
 BMP6 ,654
 TIMP3 ,7078
 PADI1 ,29943
 XBP1 ,7494
 SGTB ,54557
 AC008440.5 , ---
 RAB39B ,116442
 TMEM47 ,83604
 ARHGEF2 ,9181
 CITED4 ,163732
 LAMC2 ,3918
 PMP22 ,5376
 LRRC8A ,56262
 KLF11 ,8462
 RP11-134G8.8 , ---
 PPP4R4 ,57718
 LCP1 ,3936
 WARS ,7453
 AKNA ,80709
 LOC101930489 ,101930489
 NEAT1 ,283131
 KRT86 ,3892
 ERN1 ,2081
 BIRC2 ,329
 INSIG1 ,3638
 IFRD1 ,3475
 ARHGEF4 ,50649
 FAM84B ,157638
 LOC101930489 ,101930489
 SMOX ,54498
 APOL6 ,80830
 DKC1 ,1736
 RIPK4 ,54101
 PYGB ,5834
 GADD45A ,1647
 GPT2 ,84706
 PRSS22 ,64063
 BCL3 ,602
 MICAL2 ,9645
 ETS1 ,2113
 ASNSP1 , --- 
 PHLDA3 ,23612
 DTX4 ,23220
 NFKBIA ,4792
 ITGB8 ,3696
 CALB2 ,794
 KDM6B ,23135
 CBS ,875
 NFKB2 ,4791
 N4BP3 ,23138
 TMEM159 ,57146
 AC008440.10 , ---
 ASNS ,440
 TNC ,3371
 RP11-265D17.2 , ---
 FGF9 ,2254
 ZNF385C ,201181
 TUBE1 ,51175
 CD55 ,1604
 TAGLN ,6876
 SLC9A3 ,6550
 FRAS1 ,80144
 CEBPG ,1054
 LOC101928262 ,101928262
 TREML2 ,79865
 NR4A1 ,3164
 ERRFI1 ,54206
 SLC7A11 ,23657
 SEMA3B ,7869
 ICAM1 ,3383
 TNFAIP2 ,7127
 RBCK1 ,10616
 CHAC1 ,79094
 KRT81 ,3887
 GPRC5B ,51704
 WIPI1 ,55062
 SLFN5 ,162394
 STC2 ,8614
 CTH ,1491
 SLC6A9 ,6536
 SESN2 ,83667
 ALOX5AP ,241
 GJB4 ,127534
 CLDN1 ,9076
 JAG1 ,182
 GOLGA7B ,401647
 SAA2 ,6289
 ATP2B4 ,493
 GDF15 ,9518
 RELB ,5971
 ABAT ,18
 TNFRSF9 ,3604
 EFNB2 ,1948
 TGFB2 ,7042
 UPP1 ,7378
 PLAT ,5327
 SLC26A9 ,115019
 PRKAB2 ,5565
 TMC7 ,79905
 SFRP5 ,6425
 TRIB3 ,57761
 GRB10 ,2887
 ULBP1 ,80329
 TNFAIP3 ,7128
 EREG ,2069
 UCA1 ,652995
 BIRC3 ,330
 AREG ,374
 CACNB1 ,782
 LAMP3 ,27074
 ARHGAP31 ,57514
 IGFL1 ,374918
 DUSP5 ,1847
 VEGFA ,7422
 FAM129A ,116496
 SGPP2 ,130367
 DDIT4 ,54541